{"cameraMode":{"drawMode":0,"name":"Shaded","section":"Shading Mode"},"sceneLighting":true,"audioPlay":false,"sceneViewState":{"m_AlwaysRefresh":false,"showFog":true,"showSkybox":true,"showFlares":true,"showImageEffects":true,"showParticleSystems":true,"showVisualEffectGraphs":true,"m_FxEnabled":true},"in2DMode":false,"pivot":{"x":-2.9678759574890138,"y":3.441926956176758,"z":-21.979677200317384},"rotation":{"x":-0.14079703390598298,"y":0.024349326267838479,"z":-0.003464130684733391,"w":-0.9897326827049255},"size":9.467403411865235,"orthographic":false}